{
   "dashboards": [{
      "autoswitchEnabled": false,
      "columnCount": 1,
      "columnProportion": "1-1",
      "creationTime": 1592598590534,
      "dashboardNavigations": {},
      "description": "",
      "disabled": false,
      "gridsterMaxColumns": 12,
      "hidden": false,
      "homeTab": false,
      "id": "47f39dca-c8f4-4799-abf6-849a87088a39",
      "importAttempts": 0,
      "importComplete": true,
      "lastUpdateTime": 1593121366432,
      "lastUpdateUserId": "340a8589-9ead-4e01-9f11-0429c53ff388",
      "locked": false,
      "name": "VMignite.com - Cluster Uptime Checker",
      "rank": 0,
      "shared": false,
      "states": [],
      "temporary": false,
      "userId": "340a8589-9ead-4e01-9f11-0429c53ff388",
      "widgetInteractions": [
         {
            "type": "resourceId",
            "widgetIdProvider": "39ef70ee-682e-47d2-9d94-2470ac9a2356",
            "widgetIdReceiver": "2de4e72c-be31-4a42-96ce-b2c5651710c5"
         },
         {
            "type": "resourceId",
            "widgetIdProvider": "39ef70ee-682e-47d2-9d94-2470ac9a2356",
            "widgetIdReceiver": "e7d8c2ec-e5dd-432b-aa43-d3e94b47aa66"
         },
         {
            "type": "resourceId",
            "widgetIdProvider": "0e838039-92f2-43e7-b6ce-ee317ef6cd06",
            "widgetIdReceiver": "2de4e72c-be31-4a42-96ce-b2c5651710c5"
         },
         {
            "type": "resourceId",
            "widgetIdProvider": "0e838039-92f2-43e7-b6ce-ee317ef6cd06",
            "widgetIdReceiver": "e7d8c2ec-e5dd-432b-aa43-d3e94b47aa66"
         },
         {
            "type": "resourceId",
            "widgetIdProvider": "8ea3901f-9f43-41c2-bebe-aab1098b8b8b",
            "widgetIdReceiver": "2de4e72c-be31-4a42-96ce-b2c5651710c5"
         },
         {
            "type": "resourceId",
            "widgetIdProvider": "8ea3901f-9f43-41c2-bebe-aab1098b8b8b",
            "widgetIdReceiver": "e7d8c2ec-e5dd-432b-aa43-d3e94b47aa66"
         },
         {
            "type": "resourceId",
            "widgetIdProvider": "8c845261-2ba9-46a0-b586-65ce8056acfe",
            "widgetIdReceiver": "2de4e72c-be31-4a42-96ce-b2c5651710c5"
         },
         {
            "type": "resourceId",
            "widgetIdProvider": "8c845261-2ba9-46a0-b586-65ce8056acfe",
            "widgetIdReceiver": "e7d8c2ec-e5dd-432b-aa43-d3e94b47aa66"
         },
         {
            "type": "resourceId",
            "widgetIdProvider": "39ef70ee-682e-47d2-9d94-2470ac9a2356",
            "widgetIdReceiver": "1cc504cf-38cb-4096-83ff-794fd48d2b06"
         },
         {
            "type": "resourceId",
            "widgetIdProvider": "0e838039-92f2-43e7-b6ce-ee317ef6cd06",
            "widgetIdReceiver": "1cc504cf-38cb-4096-83ff-794fd48d2b06"
         },
         {
            "type": "resourceId",
            "widgetIdProvider": "8ea3901f-9f43-41c2-bebe-aab1098b8b8b",
            "widgetIdReceiver": "1cc504cf-38cb-4096-83ff-794fd48d2b06"
         },
         {
            "type": "resourceId",
            "widgetIdProvider": "8c845261-2ba9-46a0-b586-65ce8056acfe",
            "widgetIdReceiver": "1cc504cf-38cb-4096-83ff-794fd48d2b06"
         },
         {
            "type": "resourceId",
            "widgetIdProvider": "cdaf03b9-3a99-4f67-bf95-6e4bc9b0250b",
            "widgetIdReceiver": "39ef70ee-682e-47d2-9d94-2470ac9a2356"
         },
         {
            "type": "resourceId",
            "widgetIdProvider": "cdaf03b9-3a99-4f67-bf95-6e4bc9b0250b",
            "widgetIdReceiver": "0e838039-92f2-43e7-b6ce-ee317ef6cd06"
         },
         {
            "type": "resourceId",
            "widgetIdProvider": "cdaf03b9-3a99-4f67-bf95-6e4bc9b0250b",
            "widgetIdReceiver": "8ea3901f-9f43-41c2-bebe-aab1098b8b8b"
         },
         {
            "type": "resourceId",
            "widgetIdProvider": "cdaf03b9-3a99-4f67-bf95-6e4bc9b0250b",
            "widgetIdReceiver": "8c845261-2ba9-46a0-b586-65ce8056acfe"
         },
         {
            "type": "resourceId",
            "widgetIdProvider": "cdaf03b9-3a99-4f67-bf95-6e4bc9b0250b",
            "widgetIdReceiver": "c9fb0ff8-9049-4aab-ad8f-d73ba5b82239"
         }
      ],
      "widgets": [
         {
            "collapsed": false,
            "config": {
               "chartViewItems": [],
               "isUpdatedView": true,
               "refreshContent": {"refreshContent": true},
               "refreshInterval": 300,
               "resource": null,
               "selectFirstRow": {"selectFirstRow": false},
               "selfProvider": {"selfProvider": false},
               "title": "Host Uptime % (7 Day Average)",
               "traversalSpecId": "",
               "viewDefinitionId": "89be2920-e4fa-4828-b771-bfcff8fe721c"
            },
            "gridsterCoords": {
               "h": 6,
               "w": 3,
               "x": 1,
               "y": 7
            },
            "height": 324,
            "id": "39ef70ee-682e-47d2-9d94-2470ac9a2356",
            "states": [{
               "key": "permSelectedDate_widget_47f39dca-c8f4-4799-abf6-849a87088a39_39ef70ee-682e-47d2-9d94-2470ac9a2356",
               "value": "s%3A%7B%22minType%22%3A%22.TimeIntervalControl%22%2C%22advancedTimeMode%22%3Afalse%2C%22fromTime%22%3Anull%2C%22unit%22%3A%22DAYS%22%2C%22count%22%3A7%2C%22priorUnit%22%3Anull%2C%22priorCount%22%3Anull%2C%22startSubUnit%22%3Anull%2C%22startPeriod%22%3Anull%2C%22toTime%22%3Anull%2C%22endUnit%22%3Anull%2C%22endCount%22%3Anull%2C%22endSubUnit%22%3Anull%2C%22endPeriod%22%3Anull%7D"
            }],
            "title": "Host Uptime % (7 Day Average)",
            "type": "View"
         },
         {
            "collapsed": false,
            "config": {
               "chartViewItems": [],
               "isUpdatedView": true,
               "refreshContent": {"refreshContent": true},
               "refreshInterval": 300,
               "resource": null,
               "selectFirstRow": {"selectFirstRow": false},
               "selfProvider": {"selfProvider": false},
               "title": "Host Uptime % (60 Day Average)",
               "traversalSpecId": "",
               "viewDefinitionId": "a33794d1-b802-4377-a89b-d1a419c77f3b"
            },
            "gridsterCoords": {
               "h": 6,
               "w": 3,
               "x": 7,
               "y": 7
            },
            "height": 324,
            "id": "8ea3901f-9f43-41c2-bebe-aab1098b8b8b",
            "title": "Host Uptime % (60 Day Average)",
            "type": "View"
         },
         {
            "collapsed": false,
            "config": {
               "chartViewItems": [],
               "isUpdatedView": true,
               "refreshContent": {"refreshContent": true},
               "refreshInterval": 300,
               "resource": null,
               "selectFirstRow": {"selectFirstRow": false},
               "selfProvider": {"selfProvider": false},
               "title": "Host Uptime % (30 Day Average)",
               "traversalSpecId": "",
               "viewDefinitionId": "02033fd6-3bdb-4aaf-b383-6ccc6f45cbea"
            },
            "gridsterCoords": {
               "h": 6,
               "w": 3,
               "x": 4,
               "y": 7
            },
            "height": 324,
            "id": "0e838039-92f2-43e7-b6ce-ee317ef6cd06",
            "title": "Host Uptime % (30 Day Average)",
            "type": "View"
         },
         {
            "collapsed": false,
            "config": {
               "chartViewItems": [],
               "isUpdatedView": true,
               "refreshContent": {"refreshContent": true},
               "refreshInterval": 300,
               "resource": null,
               "selectFirstRow": {"selectFirstRow": false},
               "selfProvider": {"selfProvider": false},
               "title": "Host Uptime % (90 Day Average)",
               "traversalSpecId": "",
               "viewDefinitionId": "778578c9-4188-44b4-98a4-f55cca288a66"
            },
            "gridsterCoords": {
               "h": 6,
               "w": 3,
               "x": 10,
               "y": 7
            },
            "height": 324,
            "id": "8c845261-2ba9-46a0-b586-65ce8056acfe",
            "title": "Host Uptime % (90 Day Average)",
            "type": "View"
         },
         {
            "collapsed": false,
            "config": {
               "chartHeight": 185,
               "customFilter": {
                  "excludedResources": null,
                  "filter": [],
                  "includedResources": null
               },
               "depth": 1,
               "filterMode": "tagPicker",
               "metricFullName": "System|Powered ON",
               "metricKey": "sys|poweredOn",
               "metricLabel": "",
               "metricName": "System|Powered ON",
               "metricType": {"metricType": "custom"},
               "metricUnit": {
                  "metricUnitId": -1,
                  "metricUnitName": "Default Unit"
               },
               "mode": "all",
               "orangeBound": 0.5,
               "paginationNumber": 15,
               "redBound": 0,
               "refreshContent": {"refreshContent": false},
               "refreshInterval": 300,
               "relationshipMode": {"relationshipMode": 0},
               "resource": [],
               "resourceKindId": "resourceKind:id:0_::_",
               "selectFirstRow": {"selectFirstRow": false},
               "selfProvider": {"selfProvider": false},
               "showMetricLabel": {"showMetricLabel": false},
               "showResourceName": {"showResourceName": true},
               "sortBy": "metricValue",
               "sortByDir": {"orderByDir": "asc"},
               "tagFilter": null,
               "title": "ESXi Host Uptime History (90 Day History)",
               "yellowBound": 0.9
            },
            "gridsterCoords": {
               "h": 6,
               "w": 8,
               "x": 1,
               "y": 13
            },
            "height": 324,
            "id": "2de4e72c-be31-4a42-96ce-b2c5651710c5",
            "states": [
               {
                  "key": "perm_toolbarVisible_widget_47f39dca-c8f4-4799-abf6-849a87088a39_2de4e72c-be31-4a42-96ce-b2c5651710c5",
                  "value": "b%3A1"
               },
               {
                  "key": "permDateRange_HealthChart_widget_47f39dca-c8f4-4799-abf6-849a87088a39_2de4e72c-be31-4a42-96ce-b2c5651710c5",
                  "value": "s%3A%7B%22dateRange%22%3A%22last90Days%22%2C%22dateFrom%22%3Anull%2C%22dateTo%22%3Anull%2C%22timeFrom%22%3Anull%2C%22timeTo%22%3Anull%7D"
               }
            ],
            "title": "ESXi Host Uptime History (90 Day History)",
            "type": "HealthChart"
         },
         {
            "collapsed": false,
            "config": {
               "chartViewItems": [],
               "isUpdatedView": true,
               "refreshContent": {"refreshContent": false},
               "refreshInterval": 300,
               "resource": null,
               "selectFirstRow": {"selectFirstRow": false},
               "selfProvider": {"selfProvider": false},
               "title": "Host Properties",
               "traversalSpecId": "",
               "viewDefinitionId": "dcc9878e-8b59-4a99-86a6-a84242371ffd"
            },
            "gridsterCoords": {
               "h": 17,
               "w": 4,
               "x": 9,
               "y": 13
            },
            "height": 951,
            "id": "e7d8c2ec-e5dd-432b-aa43-d3e94b47aa66",
            "title": "Host Properties",
            "type": "View"
         },
         {
            "collapsed": false,
            "config": {
               "alertAction": [],
               "alertImpact": [],
               "criticalityLevel": [
                  2,
                  3,
                  4
               ],
               "customFilter": {
                  "excludedResources": null,
                  "filter": [],
                  "includedResources": null
               },
               "depth": 1,
               "filterMode": "tagPicker",
               "mode": "all",
               "refreshContent": {"refreshContent": false},
               "refreshInterval": 300,
               "relationshipMode": {"relationshipMode": 0},
               "resource": [],
               "selfProvider": {"selfProvider": false},
               "state": [],
               "status": [],
               "tagFilter": null,
               "title": "Alerts History (Active and Past Alerts)",
               "type": []
            },
            "gridsterCoords": {
               "h": 11,
               "w": 8,
               "x": 1,
               "y": 19
            },
            "height": 609,
            "id": "1cc504cf-38cb-4096-83ff-794fd48d2b06",
            "states": [
               {
                  "key": "permDateFilter_widget_47f39dca-c8f4-4799-abf6-849a87088a39_1cc504cf-38cb-4096-83ff-794fd48d2b06",
                  "value": "s%3A%7B%22dateRange%22%3A%22last30Days%22%2C%22dateFrom%22%3Anull%2C%22dateTo%22%3Anull%2C%22timeFrom%22%3Anull%2C%22timeTo%22%3Anull%7D"
               },
               {
                  "key": "permAlertGrid_perm_widget_47f39dca-c8f4-4799-abf6-849a87088a39_1cc504cf-38cb-4096-83ff-794fd48d2b06",
                  "value": "o%3Acolumns%3Da%253Ao%25253Aid%25253Ds%2525253Ah1%25255Ehidden%25253Db%2525253A1%25255Ewidth%25253Dn%2525253A100%255Eo%25253Aid%25253Ds%2525253Ah2%255Eo%25253Aid%25253Ds%2525253Ah3%25255Ewidth%25253Dn%2525253A393%255Eo%25253Aid%25253Ds%2525253Ah4%255Eo%25253Aid%25253Ds%2525253Ah5%255Eo%25253Aid%25253Ds%2525253Ah6%255Eo%25253Aid%25253Ds%2525253Ah7%25255Ehidden%25253Db%2525253A1%255Eo%25253Aid%25253Ds%2525253Ah8%25255Ehidden%25253Db%2525253A1%255Eo%25253Aid%25253Ds%2525253Ah9%25255Ehidden%25253Db%2525253A1%255Eo%25253Aid%25253Ds%2525253Ah10%25255Ehidden%25253Db%2525253A1%255Eo%25253Aid%25253Ds%2525253Ah11%255Eo%25253Aid%25253Ds%2525253Ah12%255Eo%25253Aid%25253Ds%2525253Ah13%25255Ehidden%25253Db%2525253A1%255Eo%25253Aid%25253Ds%2525253Ah14%25255Ehidden%25253Db%2525253A1%255Eo%25253Aid%25253Ds%2525253Ah15%25255Ehidden%25253Db%2525253A0%5EstoreState%3Do%253Asorters%253Da%25253Ao%2525253Aroot%2525253Ds%252525253Adata%2525255Eproperty%2525253Ds%252525253AstartTimeUtc%2525255Edirection%2525253Ds%252525253ADESC%2525255Eid%2525253Ds%252525253AstartTimeUtc"
               },
               {
                  "key": "permViewMode_widget_47f39dca-c8f4-4799-abf6-849a87088a39_1cc504cf-38cb-4096-83ff-794fd48d2b06",
                  "value": "s%3Atime"
               }
            ],
            "title": "Alerts History (Active and Past Alerts)",
            "type": "AlertList"
         },
         {
            "collapsed": false,
            "config": {
               "chartViewItems": [],
               "isUpdatedView": true,
               "refreshContent": {"refreshContent": false},
               "refreshInterval": 300,
               "resource": {
                  "id": "Ext.vcops.chrome.model.Resource-20",
                  "resourceId": "resource:id:0_::_",
                  "resourceKindId": "002006VMWAREvSphere World",
                  "resourceName": "vSphere World",
                  "traversalSpecId": ""
               },
               "selectFirstRow": {"selectFirstRow": false},
               "selfProvider": {"selfProvider": true},
               "title": "Select a Cluster",
               "traversalSpecId": null,
               "viewDefinitionId": "1b884869-a5f5-40dd-adb8-2d78815bd034"
            },
            "gridsterCoords": {
               "h": 6,
               "w": 6,
               "x": 1,
               "y": 1
            },
            "height": 324,
            "id": "cdaf03b9-3a99-4f67-bf95-6e4bc9b0250b",
            "title": "Select a Cluster",
            "type": "View"
         },
         {
            "collapsed": false,
            "config": {
               "chartViewItems": ["legend"],
               "isUpdatedView": true,
               "refreshContent": {"refreshContent": false},
               "refreshInterval": 300,
               "resource": null,
               "selectFirstRow": {"selectFirstRow": false},
               "selfProvider": {"selfProvider": false},
               "title": "Cluster Uptime Availability % (90 Day History)",
               "traversalSpecId": "",
               "viewDefinitionId": "3cce655a-38d4-4602-aeed-45be41181d8a"
            },
            "gridsterCoords": {
               "h": 6,
               "w": 6,
               "x": 7,
               "y": 1
            },
            "height": 324,
            "id": "c9fb0ff8-9049-4aab-ad8f-d73ba5b82239",
            "title": "Cluster Uptime Availability % (90 Day History)",
            "type": "View"
         }
      ]
   }],
   "entries": {
      "resource": [{
         "adapterKindKey": "VMWARE",
         "identifiers": [],
         "internalId": "resource:id:0_::_",
         "name": "vSphere World",
         "resourceKindKey": "vSphere World"
      }],
      "resourceKind": [{
         "adapterKindKey": "VMWARE",
         "internalId": "resourceKind:id:0_::_",
         "resourceKindKey": "HostSystem"
      }]
   },
   "uuid": "8baf80b3-829e-477f-913a-05b84d7cc026"
}